n;diameter soil level (cm);sectional area (m2);estimated height (cm);x;y;Distance from propagules source (m)
666;1,357;0,000144627;160;44,53;24,99;51,06291218
665;1,941;0,000295897;140;44,63;24,99;51,15014174
672;1,808;0,000256736;110;42,38;30,29;52,09173159
669;1,838;0,000265327;125;43,33;30,69;53,09769298
812;1,3;0,000132732;90;53,21;11,1;54,35544223
654;1,261;0,000124888;60;50,24;21,64;54,70235095
808;1,5;0,000176715;90;54,65;8,16;55,25584223
809;1,5;0,000176715;100;55,45;7,86;56,0043043
810;1,7;0,00022698;100;55,05;11,3;56,197798
806;1,4;0,000153938;100;54,45;15,01;56,48099326
811;1,6;0,000201062;130;56,01;10,1;56,91335608
652;1,921;0,000289831;100;53,24;21,54;57,43230102
675;1,752;0,000241078;80;45,07;36,19;57,80156572
800;1,1;9,50332E-05;82;59,45;12,31;60,71110772
792;1,7;0,00022698;130;63,73;11,75;64,80413104
640;1,72;0,000232352;125;61,7;19,99;64,85745986
641;1,844;0,000267062;120;61,8;20,39;65,07681692
793;1,2;0,000113097;100;64,08;12,75;65,33612247
798;1,6;0,000201062;90;63,95;14,57;65,58877495
631;1,467;0,000169025;110;63,63;16,49;65,73200895
594;1,667;0,000218253;95;57,29;32,84;66,03491274
630;1,24;0,000120763;100;64,03;16,49;66,1192937
791;1,6;0,000201062;135;65,33;11,75;66,37824493
794;1;7,85398E-05;60;65,58;12,75;66,80792543
644;1,688;0,000223787;120;64,8;20,89;68,08400767
785;1,1;9,50332E-05;80;68,32;9,3;68,95007179
786;1,1;9,50332E-05;65;68,78;9,65;69,45366009
783;1,2;0,000113097;84;69,18;8,16;69,65958656
784;1,6;0,000201062;80;69,18;8,52;69,70267427
797;1,5;0,000176715;100;68,06;15,95;69,90397771
782;1,1;9,50332E-05;60;69,68;7,89;70,12527718
779;1,4;0,000153938;60;69,99;5,11;70,17629372
788;1,4;0,000153938;90;69,23;12,3;70,31417282
781;1,8;0,000254469;120;70,18;8,01;70,63563194
608;1,356;0,000144414;82;66,31;24,48;70,68441483
787;1,6;0,000201062;100;70,03;9,65;70,69174916
789;1,6;0,000201062;90;70,58;11,9;71,57615804
756;1,623;0,000206884;100;71,05;12,15;72,08137762
610;1,825;0,000261587;90;68,71;22,08;72,17056533
611;1,714;0,000230734;87;68,71;22,23;72,21659782
758;1,652;0,000214343;70;71,45;10,55;72,22468415
776;1,2;0,000113097;50;72,79;7,26;73,15115652
622;1,701;0,000227247;100;72,13;12,29;73,16953601
757;1,338;0,000140605;70;72,45;11,15;73,3029672
774;1,2;0,000113097;80;73,29;4,76;73,44441231
755;1,393;0,000152403;66;72,65;14,2;74,02474249
621;1,696;0,000225913;90;73,13;12,29;74,15551901
772;1;7,85398E-05;100;74,27;4,13;74,38474171
773;1,2;0,000113097;55;74,29;4,76;74,44233809
760;1,1;9,50332E-05;61;74,15;7,6;74,53846323
754;1,489;0,000174132;50;73,25;15;74,7700642
604;1,63;0,000208672;100;67,61;32,78;75,13747733
771;1,4;0,000153938;100;75,07;4,13;75,1835208
775;1,3;0,000132732;85;74,89;6,66;75,18555513
770;1,1;9,50332E-05;75;75,67;3,95;75,77302554
620;1,153;0,000104412;80;74,13;15,79;75,79301419
751;1,472;0,000170179;100;76,1;3,27;76,17022318
619;1,666;0,000217992;100;75,13;12,89;76,22774429
752;1,826;0,000261873;130;76,21;3,72;76,30073722
761;1,2;0,000113097;80;76,15;7,9;76,55868664
753;1,39;0,000151747;60;75,05;15,2;76,57377162
734;1,081;9,17786E-05;60;76,52;7,8;76,91651578
768;1,1;9,50332E-05;84;77,27;4,97;77,42967002
737;1,234;0,000119597;50;77,48;3,95;77,58062194
736;1,161;0,000105865;50;77,48;4,9;77,63478859
733;1,36;0,000145267;63;77,29;7,5;77,65303664
767;1,4;0,000153938;80;77,97;4,97;78,12823945
738;1,016;8,10732E-05;50;78,08;4,75;78,22434979
729;1,682;0,000222199;130;77,2;13;78,28690823
732;1,162;0,000106048;50;78,1;7,5;78,45928881
731;1,555;0,000189911;130;78,1;9,4;78,66365107
765;1,7;0,00022698;120;78,77;4,1;78,87663089
740;1,05;8,65901E-05;70;78,72;5,47;78,90981751
739;1,1;9,50332E-05;67;78,88;5,75;79,089297
741;1,269;0,000126477;70;78,91;6,23;79,15554939
742;1,598;0,00020056;130;79,31;3,03;79,36785873
744;1,745;0,000239156;140;79,51;3,42;79,58351902
763;1,9;0,000283529;130;79,57;3,9;79,66551889
762;1,8;0,000254469;120;80,15;3,5;80,22638282
746;1,534;0,000184816;180;81,06;2,02;81,0851651
749;1,616;0,000205103;130;81,5;4,07;81,60156187
748;1,087;9,28002E-05;70;81,7;3,17;81,76147565
718;1,358;0,00014484;80;81,92;6,9;82,21007481
723;1,298;0,000132324;70;82,12;7,7;82,48020611
722;1,164;0,000106413;110;82,12;8,1;82,51850944
724;1,708;0,000229121;125;82,12;8,7;82,57956406
716;1,839;0,000265615;160;82,52;6,24;82,75559196
720;1,632;0,000209185;144;82,72;7,34;83,04501189
721;1,175;0,000108434;72;82,72;8,1;83,11563271
719;1,311;0,000134988;120;82,92;7,2;83,23200346
725;1,174;0,00010825;66;82,89;8,7;83,3453184
727;1,054;8,72511E-05;60;82,89;8,91;83,36750086
714;1,657;0,000215643;100;83,37;6,37;83,61300019
726;1,629;0,000208416;130;83,22;8,51;83,65398078
711;1,928;0,000291947;176;84,29;6,8;84,56384629
710;1,063;8,87476E-05;40;84,57;7,67;84,91709957
709;1,607;0,000202825;90;84,82;9,07;85,30355971
707;1;7,85398E-05;63;85,22;8,36;85,62907217
702;1,868;0,000274059;96;86,02;9,66;86,56070702
701;1,656;0,000215383;130;85,86;11,06;86,56941261
706;1,714;0,000230734;125;86,42;8,36;86,8234185
705;1,23;0,000118823;60;86,92;7,06;87,20624978
700;1,644;0,000212272;100;86,2;13,86;87,30715664
703;1,539;0,000186023;100;87,72;9,66;88,25029178
699;1,187;0,00011066;73;88,05;13,5;89,07891165
697;1,04;8,49487E-05;50;89,3;12,45;90,16369835
698;1,885;0,00027907;100;89,1;13,89;90,17617257
694;1,99;0,000311026;130;90,7;10,71;91,33013796
691;1,959;0,000301411;150;91,15;10,27;91,7267431
692;1,44;0,00016286;86;91,35;10,51;91,95261062
696;1,573;0,000194333;130;91,4;12,45;92,24403775
688;1,558;0,000190645;100;93,7;9,85;94,21630697
685;1;7,85398E-05;70;94,35;11,8;95,08502774
684;1,425;0,000159485;60;94,35;12,4;95,16134982
552;1,493;0,000175069;90;94,42;15,06;95,61349277
555;1,375;0,000148489;100;94,02;18,46;95,81509276
422;1,578;0,000195571;80;97,8;3,6;97,86623524
681;1,175;0,000108434;58;97,25;17,4;98,79434447
549;1,489;0,000174132;50;98,2;14,59;99,2779336
680;1,895001055;0,000282039;110;97,95;18,2;99,62651504
423;1,617;0,000205357;80;99,8;3,6;99,86490875
548;1,142;0,000102429;50;98,72;15,39;99,91241414
431;1,309;0,000134576;100;99,98;0,75;99,98281302
414;1,629;0,000208416;100;99,3;13,25;100,1801003
563;1,148;0,000103508;70;93,77;36,51;100,6269994
430;1,584;0,000197061;120;101,48;1,55;101,4918366
346;1,734;0,00023615;120;101,33;-10,08;101,8301296
413;1,005;7,93272E-05;70;101,8;15,15;102,921147
348;1,776;0,000247728;100;104,03;-11,48;104,6615082
438;1,499;0,000176479;125;105,68;7,1;105,9182345
354;1,249;0,000122522;70;106,77;-6,38;106,9604474
440;1,835;0,000264461;140;106,73;7,6;107,0002472
410;1,312;0,000135194;90;107,9;11,35;108,495311
525;1,365;0,000146337;80;106,32;22,24;108,6211766
302;1,637;0,000210469;100;108,18;-24,86;110,9996937
334;1,588;0,000198057;110;109,67;-18,53;111,2244119
444;1,688;0,000223787;100;111,73;10,6;112,2316929
405;1,606;0,000202573;100;112;11,9;112,6304133
373;1,956;0,000300488;150;111,52;-17,46;112,8785276
333;1,834;0,000264173;127;111,47;-17,93;112,9028157
332;1,695;0,000225647;80;111,47;-19,53;113,1679363
361;1,583;0,000196812;85;113,97;-7,98;114,2490319
360;1,923;0,000290435;132;113,97;-10,28;114,4326846
522;1,975;0,000306354;160;112,67;20,68;114,5521335
308;1,836;0,00026475;80;111,68;-26,36;114,7487342
519;1,845;0,000267351;137;111,82;26,28;114,8666653
298;1,834;0,000264173;140;111,98;-28,06;115,442124
371;1,474;0,000170642;100;114,42;-16,65;115,625079
310;1,438;0,000162408;125;112,28;-27,84;115,6800069
536;1,295;0,000131713;115;107,87;42,24;115,8453905
311;1,537;0,00018554;88;113,28;-25,24;116,0578132
513;0,789;4,88927E-05;70;113,64;25,83;116,5385709
365;1,281;0,000128881;85;116,77;-9,18;117,130292
366;1,617;0,000205357;80;116,77;-10,08;117,2042631
325;1,314;0,000135607;62;115,31;-21,4;117,278967
531;1,682;0,000222199;130;112,22;35,14;117,5931461
312;1,717;0,000231542;100;114,98;-25,24;117,7177047
517;1,501;0,00017695;120;114,62;26,93;117,7411113
313;1,849;0,000268512;80;114,98;-25,84;117,8478086
368;1,663;0,000217207;120;117,25;-12,55;117,9197397
323;1,807;0,000256452;146;116,51;-21,4;118,4590229
377;1,745;0,000239156;130;118,12;-12,89;118,8212376
512;1,62;0,00020612;120;113,64;35,63;119,0946955
449;1,147;0,000103328;80;119,58;1,75;119,5928045
318;1,305;0,000133755;77;117,91;-22,95;120,1227314
321;1,429;0,000160382;115;118,36;-23,16;120,6046235
402;1,524;0,000182415;90;120,6;12;121,1955445
451;1,667;0,000218253;80;120,78;11,59;121,3348116
385;1,216;0,000116133;90;120,29;-17,79;121,598389
488;1,458;0,000166957;80;120,25;20,9;122,0527447
489;1,625;0,000207394;140;120,25;22,7;122,3738228
452;1,738;0,000237241;75;121,93;10,59;122,3890232
506;1,648;0,000213307;175;113,28;46,98;122,6355528
453;1,76;0,000243285;110;122,43;8,59;122,7309782
497;1,306;0,00013396;82;118,02;34,63;122,9957613
295;1,666;0,000217992;143;120,04;-28,81;123,4488465
401;1,54;0,000186265;110;123,8;13,8;124,5667692
293;1,45;0,00016513;70;120,9;-30,21;124,6172303
464;1,89;0,000280552;150;121,05;30,85;124,9192739
460;1,487;0,000173665;100;123,45;25,95;126,1479489
502;1,559;0,00019089;92;117,58;47,93;126,9737819
292;1,86;0,000271716;100;124,8;-30,21;128,4043773
465;1,862;0,000272301;130;124,95;29,85;128,4660461
484;1,222;0,000117282;50;125,32;36,42;130,5048612
289;1,799;0,000254186;130;128,06;-28,23;131,1346503
486;1,603;0,000201817;105;126,82;35,72;131,7544337
218;1,3;0,000132732;80;131,9;3,64;131,9502164
252;1,8;0,000254469;130;131,7;14,25;132,468685
221;1,6;0,000201062;130;132,5;1,47;132,5081541
220;1,2;0,000113097;100;132,5;1,74;132,5114244
225;1,4;0,000153938;110;132,9;6,67;133,0672721
480;1,762;0,000243838;90;126,67;43,5;133,9310976
191;1,7;0,00022698;130;129,61;34,55;134,1359557
250;1,5;0,000176715;70;133,7;13,15;134,3451246
222;1,4;0,000153938;123;134,4;2,47;134,4226949
255;1,2;0,000113097;50;133,53;16,25;134,5151419
227;1,9;0,000283529;117;134,58;8,27;134,8338581
468;1,443;0,000163539;80;132,15;29,15;135,3268081
256;1,9;0,000283529;165;134,53;16,75;135,5687405
186;1,6;0,000201062;100;131,16;34,8;135,6981415
457;1,573;0,000194333;120;133,65;23,75;135,7438212
189;1,2;0,000113097;130;131,96;32,55;135,9152092
188;1,5;0,000176715;110;131,96;33,5;136,1458468
232;1,6;0,000201062;140;135,68;11,77;136,1895565
285;1,673;0,000219827;140;133,98;-25,63;136,4094473
184;1,1;9,50332E-05;30;131,16;37,8;136,4982989
280;1,065;8,90818E-05;70;135,85;-17,71;136,9995131
469;1,354;0,000143988;130;132,15;38,15;137,5465194
187;1,1;9,50332E-05;137;133,26;35,5;137,9074965
470;1,384;0,00015044;100;132,9;38,15;138,2672503
471;1,657;0,000215643;140;133,3;38,15;138,651767
183;1;7,85398E-05;70;132,96;40,05;138,8609524
234;1,7;0,00022698;116;139,25;10,37;139,635595
278;1,33;0,000138929;80;139,15;-15,51;140,0117231
257;1,7;0,00022698;136;138,75;20;140,1840308
231;1,4;0,000153938;113;139,85;10,17;140,2192975
182;1,3;0,000132732;80;134,26;41,05;140,395335
276;1,27;0,000126677;90;139,55;-15,51;140,4092682
277;1,334;0,000139766;80;140,05;-16,31;140,9965198
473;1,191;0,000111407;80;135,2;40,45;141,1213751
244;1,2;0,000113097;80;140,35;17,05;141,3818411
236;1,5;0,000176715;87;141,3;9,8;141,6394366
472;1,488;0,000173898;100;135,7;40,65;141,6577301
240;1,1;9,50332E-05;80;141,25;14,25;141,9669856
475;1,53;0,000183854;100;135,7;41,9;142,0214772
275;1,935;0,000294071;155;141,05;-17,21;142,0960471
476;1,974;0,000306044;180;136,27;41,9;142,5662053
239;1,1;9,50332E-05;60;142,6;13,75;143,2613783
208;1,2;0,000113097;90;143,6;1,14;143,604525
238;1,5;0,000176715;90;143,1;12,05;143,6064501
209;1,7;0,00022698;147;143,6;2,44;143,6207283
273;1,34;0,000141026;87;143,45;-14,21;144,1520954
207;1,6;0,000201062;120;144,8;1,48;144,8075633
271;1,12;9,85203E-05;70;144,85;-14,61;145,5849395
258;1,928;0,000291947;150;146,55;-3,7;146,5967002
270;1,258;0,000124294;80;145,35;-19,61;146,6668831
205;1,2;0,000113097;60;147,7;0,63;147,7013436
204;1,7;0,00022698;100;147,7;1,63;147,708994
200;1,1;9,50332E-05;72;148,15;6,33;148,2851692
197;1;7,85398E-05;50;148,35;9,1;148,6288414
179;1,1;9,50332E-05;48;142,56;43,35;149,0052888
198;1,4;0,000153938;180;149,25;7,7;149,4484945
196;1,5;0,000176715;84;149,35;9,9;149,6777622
130;1,39;0,000151747;90;150,13;9,9;150,456063
176;1,2;0,000113097;30;144,61;41,73;150,5106142
177;1,7;0,00022698;70;145,11;40,38;150,6235589
132;1,983;0,000308841;140;150,68;12,1;151,1650502
129;1,604;0,000202068;100;151,33;7,8;151,5308843
135;1,471;0,000169948;100;150,9;14,75;151,6191693
128;1,521;0,000181697;100;152,63;3,3;152,6656703
142;1,338;0,000140605;100;152,84;-5,64;152,9440264
127;1,995;0,00031259;157;153,63;9,8;153,9422518
146;1,047;8,60961E-05;70;153,14;-16,44;154,0199117
152;1,164;0,000106413;80;156,74;-16;157,5545226
139;1,763;0,000244115;60;157,54;-5,24;157,6271208
150;1,311;0,000134988;100;157,24;-18,5;158,3245641
153;1,725;0,000233705;120;157,74;-16;158,5493854
149;1,976;0,000306665;120;157,24;-20,79;158,6084541
155;1,405;0,00015504;70;158,27;-18,17;159,3095785
156;1,242;0,000121153;75;158,27;-19,27;159,4387839
108;1,443;0,000163539;100;156,77;42,44;162,4130121
106;1,415;0,000157254;20;156,3;45,24;162,715542
107;1,52;0,000181458;90;156,77;43,94;162,8114139
104;1,668;0,000218515;81;157;44,36;163,1465893
103;1,26;0,00012469;60;158,3;42,96;164,025765
118;1,956;0,000300488;90;168,41;27,44;170,6308346
72;1,272;0,000127076;100;170,85;-23,97;172,5232836
92;1,83;0,000263022;90;175,2;25,85;177,0967603
63;1,826;0,000261873;116;180,05;-12,86;180,508676
61;1,74;0,000237787;140;180,33;-11,46;180,6937755
41;1,556;0,000190156;77;183,2;22,42;184,5667803
42;1,238;0,000120374;66;182,97;24,77;184,6390365
54;1,507940649;0,000178591;120;186,99;14;187,5133598
38;1,232;0,00011921;94;188,71;13,26;189,1752936
35;1,736;0,000236695;100;189,05;9,56;189,2915637
656;3,926;0,001210572;230;42,14;20,34;46,79204206
659;2,882;0,000652346;220;42,33;23,06;48,2036565
660;3,895;0,00119153;280;44,33;22,46;49,69507521
646;2,613;0,000536252;180;47,1;18,89;50,74684325
664;2,275;0,000406493;170;45,83;24,37;51,90651019
813;2,5;0,000490874;190;52,01;10,36;53,03178009
649;3,401;0,000908454;190;50,95;15,44;53,23810759
662;3,537;0,000982562;180;49,33;21,77;53,9201428
650;3,089;0,000749421;200;52,04;14,44;54,00625149
651;3,139;0,000773878;77;53,24;14,24;55,11147975
804;3,1;0,000754768;220;57,25;13,51;58,8224668
803;3;0,000706858;70;59,35;12,36;60,62336266
645;2,153;0,000364064;120;57,7;18,89;60,7134425
801;3,6;0,001017876;250;59,45;12,96;60,84623324
802;2;0,000314159;140;59,55;13,76;61,11906495
678;3,836;0,001155705;250;47,27;41,69;63,02784305
679;3,924;0,001209338;200;47,77;41,69;63,40369863
799;2;0,000314159;100;62,55;13,21;63,92970045
634;2,843;0,00063481;160;62,26;15,34;64,12194008
633;2,919;0,000669203;185;62,65;15,94;64,64600606
595;2,194;0,000378062;145;57,01;30,84;64,81701706
642;3,867;0,00117446;230;61,7;20,79;65,10847948
629;3,949;0,001224797;250;64,83;14,69;66,47349096
628;3,027;0,000719639;250;65,93;13,19;67,23645589
627;2,073;0,000337511;135;66,63;12,19;67,73590628
795;2,2;0,000380133;142;66,93;12,75;68,13359964
790;2,3;0,000415476;141;67,63;10,75;68,47904351
796;3;0,000706858;200;67,36;16,15;69,26898368
591;3,089;0,000749421;250;60,69;33,79;69,46250931
626;2,291;0,00041223;130;68,73;10,39;69,51089843
625;3,481;0,000951695;188;68,73;10,69;69,55637282
780;2,8;0,000615752;150;70,14;6,81;70,4698212
589;3,445;0,000932113;260;63,59;33,24;71,7536459
777;2;0,000314159;130;71,59;6,32;71,86842492
778;2,2;0,000380133;120;71,59;7,71;72,0039735
587;2,881;0,000651893;150;65,69;31,24;72,74004193
607;3,141;0,000774864;157;67,31;28,18;72,97087433
588;2,406;0,000454654;160;63,99;35,24;73,05188362
623;3,118;0,000763558;175;72,93;10,69;73,70930063
624;2,487;0,000485782;80;74,23;10,69;74,99579322
750;2,432;0,000464533;180;75,1;4,27;75,22129286
606;2,252;0,000398315;80;69,11;29,98;75,33254609
615;3,716;0,001084529;300;72,61;20,81;75,5332258
759;2,4;0,000452389;140;76,05;11,45;76,90711931
735;2,747;0,000592662;200;76,76;5,4;76,94970825
769;2,2;0,000380133;130;77,27;2,72;77,31785887
599;3,533;0,000980341;300;74,01;22,54;77,36621808
582;3,045;0,000728223;180;69,27;34,84;77,53810998
613;3,095;0,000752335;240;75,11;20,93;77,97164228
602;3,904;0,001197042;380;70,31;34,48;78,30942791
766;3,6;0,001017876;200;78,57;3,57;78,65106357
730;2,533;0,000503918;160;78,1;12;79,01651726
743;3,024;0,000718213;170;79,31;2,17;79,33968112
764;2,2;0,000380133;140;79,27;4,1;79,37595921
745;2,932;0,000675177;160;81,01;2,12;81,03773504
573;3,823;0,001147885;250;70,37;41,31;81,59934436
747;2,581;0,000523198;148;81,7;2,02;81,72496803
717;3,588;0,001011101;200;82,07;7,1;82,37654338
715;2,226;0,000389171;145;82,92;6,37;83,16431506
600;2,72;0,000581069;80;74,01;39,64;83,95718969
713;2,239;0,00039373;130;83,79;5,97;84,00241068
712;2,33;0,000426385;143;83,79;6,97;84,079397
728;2,949;0,000683029;200;84,3;9,91;84,88049305
708;2,011;0,000317625;140;84,62;8,82;85,07841559
704;2,421;0,000460341;138;87,72;7,56;88,04517023
695;2,126;0,00035499;180;90,4;11,71;91,15527467
690;3,265;0,000837252;200;90,95;8,9;91,38442154
570;2,304;0,000416922;170;82,87;40,71;92,32952399
693;3,685;0,00106651;180;91,8;10,71;92,42263846
553;2,671;0,000560322;190;91,62;14,26;92,72309313
689;3,583;0,001008285;200;92,45;8,65;92,85378291
419;3,985;0,00124723;200;93,6;4,4;93,70336173
687;3,089;0,000749421;220;93,3;10,3;93,86682055
556;3,127;0,000767972;52;91,82;21,06;94,20422496
421;3,949241066;0,001224947;180;94,3;2,1;94,32337992
418;3,525;0,000975906;200;95,1;9,9;95,61391112
420;2,664;0,000557389;180;96,3;4,4;96,4004668
551;2,658;0,000554881;210;96,12;14,19;97,16177489
417;2,446;0,000469897;180;96,4;12,25;97,17521546
550;3,104;0,000756717;250;96,7;13,59;97,65028469
547;2,548;0,000509904;175;97,32;14,79;98,43742429
415;3,525;0,000975906;300;97,8;13,25;98,69347749
545;2,448;0,000470666;200;97,12;18,29;98,82721538
683;3,538;0,000983118;200;98,05;13,4;98,96141925
343;3,767;0,001114503;250;98,33;-11,34;98,98173821
427;3,741;0,001099171;300;98,8;9,25;99,23206387
432;2,569;0,000518344;150;99,28;0,15;99,28011332
416;3,115;0,00076209;260;98,9;12,25;99,65577003
344;3,655;0,001049215;170;99,43;-9,54;99,88661822
567;2,109;0,000349336;120;90,47;42,81;100,0875467
682;2,535;0,000504715;150;99,05;14,9;100,1644273
342;3,034;0,000722971;220;100,13;-13,94;101,0956997
345;3,754;0,001106824;230;100,63;-10,54;101,1804749
565;3,74;0,001098584;300;94,87;40,31;103,0786738
350;3,004;0,000708745;250;102,67;-9,53;103,1113466
568;2,865;0,000644672;220;93,07;44,41;103,1226115
437;2,638;0,000546562;250;103,78;5,4;103,9203945
542;2,478;0,000482272;210;102,07;21,72;104,3553702
349;3,189;0,000798728;210;104,03;-10,33;104,5416176
341;2,123;0,000353989;250;103,19;-19,34;104,9867215
436;3,769;0,001115686;300;105,03;5,4;105,1687259
340;3,926;0,001210572;270;103,69;-19,68;105,5410749
541;3,033;0,000722495;250;102,07;28,62;106,0065531
339;2,098;0,000345701;120;104,59;-18,2;106,1617073
540;2,675;0,000562001;170;100,07;36,02;106,3552787
442;2,922;0,00067058;250;106,13;9,1;106,5194203
435;3,865;0,001173245;300;106,68;4,25;106,7646238
527;3,322;0,000866741;250;103,62;26,24;106,8907947
539;2,42;0,000459961;162;100,07;38,52;107,227773
434;3,492;0,00095772;300;107,38;2,05;107,3995666
338;3,452;0,000935904;260;106,19;-18,2;107,7383687
524;2,166;0,000368474;170;105,77;21,98;108,0296871
300;3,359;0,000886155;200;104,58;-27,56;108,150497
337;2,871;0,000647376;170;107,54;-17,33;108,9274093
409;2,655;0,000553629;136;109,1;10,55;109,608907
408;2,285;0,000410074;180;109,1;13,55;109,9382213
355;2,582;0,000523603;140;109,82;-9,08;110,1947313
336;2,869;0,000646474;250;109,14;-18,63;110,7186366
335;3,162;0,00078526;250;109,57;-18,53;111,1258107
407;3,116;0,000762579;250;110,4;13,55;111,2284249
528;2,088;0,000342413;152;107,92;27,44;111,3538504
521;3,338;0,00087511;300;109,87;21,68;111,9885677
538;2,431;0,000464152;170;104,87;40,22;112,3181432
359;2,238;0,000393378;200;112,17;-9,58;112,5783518
303;2,312;0,000419822;162;109,58;-26,06;112,6361398
445;2,049;0,000329742;100;112,18;10,6;112,6796894
406;2,88;0,000651441;200;112;13,55;112,8166765
374;2,801;0,000616192;173;111,52;-17,79;112,9300425
304;2,038;0,000326211;150;110,11;-25,54;113,0331973
404;2,13;0,000356327;150;112,7;11,1;113,245309
331;2,685;0,000566211;172;111,47;-20,2;113,2854841
305;2,191;0,000377029;152;110,81;-24,04;113,3877317
306;2,437;0,000466446;180;110,81;-24,74;113,5382037
534;3,685;0,00106651;300;103,47;48,44;114,2474267
307;3,157;0,000782779;220;111,68;-24,74;114,3874556
530;2,172;0,000370518;137;110,97;28,74;114,6312719
372;3,506;0,000965414;270;113,62;-16,46;114,80608
330;3,779;0,001121615;250;113,37;-18,7;114,9019012
363;3,766;0,001113911;400;114,97;-6,68;115,1638976
362;2,873;0,000648278;200;114,97;-7,98;115,2466108
309;2,15;0,00036305;120;112,28;-27,36;115,5654274
364;3,292;0,000851157;300;115,47;-6,68;115,6630594
329;2,07;0,000336535;139;114,36;-18,7;115,8788143
447;2,967;0,000691393;260;115,88;10,2;116,3280465
367;2,314;0,000420549;140;115,95;-10,55;116,4289698
328;2,33;0,000426385;170;115,76;-18,7;117,2606822
324;3,113;0,000761111;250;115,41;-21,4;117,3772895
314;2,661;0,000556134;200;114,98;-24,35;117,5300936
369;2,749;0,000593525;170;116,92;-14,15;117,7731247
376;2,803;0,000617072;175;117,12;-13,79;117,9290401
322;2,656;0,000554046;250;116,06;-21,76;118,0822645
317;3,848;0,001162947;60;116,11;-22,55;118,2794767
327;2,05;0,000330064;158;116,66;-19,6;118,2950362
514;2,543;0,000507905;200;115,34;26,33;118,3071617
516;2,04;0,000326851;173;115,49;26,93;118,5882161
315;3,431;0,000924552;58;116,31;-24,35;118,8315556
319;2,952;0,00068442;186;117,16;-22,45;119,2915257
378;3,181;0,000794726;250;118,12;-20,09;119,8162865
297;2,496;0,000489304;200;116,48;-28,36;119,8827761
450;3,648;0,0010452;300;119,58;10,59;120,0480091
511;3,35;0,000881413;300;114,74;36,03;120,263995
320;2,921;0,000670121;200;118,36;-22,45;120,4702955
384;2,025;0,000322062;130;120,29;-13,79;121,0778601
379;2,425;0,000461863;176;119,82;-18,39;121,2230362
316;2,488;0,000486173;190;118,31;-27,05;121,362921
493;2,492;0,000487737;300;117,62;30,83;121,5933933
505;2,712;0,000577656;180;111,48;49,13;121,8258893
386;2,246;0,000396195;140;121,09;-17,79;122,389837
509;3,525;0,000975906;300;116,64;37,13;122,4072159
495;2,392;0,000449378;153;118,52;33,03;123,0364633
294;2,436;0,000466063;168;119,44;-30,21;123,2012894
387;2,532;0,000503521;250;122,29;-18,59;123,6949158
504;2,266;0,000403283;140;113,48;50,03;124,0189957
380;2,52;0,000498759;200;122,19;-21,49;124,0653707
400;3,122;0,000765518;150;123,8;16,7;124,9212952
399;2,167;0,000368814;100;123,8;18,2;125,1306517
503;3,572;0,001002104;280;115,18;49,03;125,1813616
496;2,916;0,000667828;155;120,52;34,13;125,25944
461;2,068;0,000335885;150;122,95;28,15;126,1313799
393;3,096;0,000752821;250;125,39;-14,24;126,1959972
501;2,233;0,000391622;178;116,92;48,63;126,6300253
394;2,521;0,000499155;210;126,39;-14,04;127,1674239
392;2,027;0,000322699;150;126,99;-15,24;127,9012029
391;2,429;0,000463388;160;126,99;-15,89;127,9802805
499;2,469;0,000478776;150;121,02;43,63;128,6445386
463;3,911;0,001201339;350;124,95;30,85;128,7020785
390;2,292;0,00041259;176;127,99;-15,19;128,8882314
395;2,39;0,000448627;230;128,39;-11,84;128,9347808
291;3,946;0,001222937;250;126;-29,93;129,5060033
458;2,07;0,000336535;100;127,75;21,35;129,5217549
485;2,065;0,000334911;140;125,32;35,32;130,202169
466;3,475;0,000948417;300;126,75;32,05;130,7393017
216;3,9;0,001194591;350;131,3;1,84;131,312892
483;2,189;0,000376341;180;125,32;40,52;131,7079071
482;2,284;0,000409715;160;126,22;40,52;132,5645458
226;2,5;0,000490874;233;133,58;8,27;133,8357549
251;2,5;0,000490874;154;133,5;13,75;134,2062312
223;2,5;0,000490874;176;134,4;3,57;134,4474057
481;3,09;0,000749906;300;128,72;39,52;134,6501719
479;2,545;0,000508704;200;127,67;44,9;135,3352833
185;2;0,000314159;180;131,16;36,3;136,0905419
284;2,397;0,000451259;190;134,55;-26,21;137,0790524
230;2;0,000314159;220;138,88;10,17;139,25187
279;3,829;0,001151491;350;138,15;-17,71;139,280532
233;2,7;0,000572555;120;139,25;11,67;139,738153
478;2,137;0,000358673;150;132,87;44,9;140,2513704
477;3,993;0,001252243;300;135,27;43,1;141,9703592
237;2,5;0,000490874;173;141,6;11,7;142,0825464
272;2,02;0,000320474;173;143,05;-15,01;143,8353315
180;2,5;0,000490874;140;139,16;41,05;145,0882769
181;2,2;0,000380133;150;139,56;39,95;145,1654094
269;3,62;0,001029217;258;143,95;-19,75;145,2985375
193;3,5;0,000962113;350;143,85;21,4;145,433086
203;2,2;0,000380133;149;147,7;4,83;147,7789528
202;3,3;0,000855299;220;147,7;5,43;147,7997798
259;2,273;0,000405778;150;148,15;-6,2;148,2796766
201;2,1;0,000346361;120;149,4;5,43;149,4986451
199;2,7;0,000572555;191;149,45;7,33;149,6296475
263;3,837;0,001156308;350;149,05;-21,25;150,5571818
264;3,524;0,000975353;250;149,05;-23,35;150,8679058
178;2,3;0,000415476;170;145,11;41,6;150,955199
174;2,4;0,000452389;122;145,96;38,81;151,0315785
167;2,9;0,00066052;240;149,7;20,76;151,1326159
175;2,4;0,000452389;190;145,76;40,14;151,1859689
168;2,5;0,000490874;160;149,7;21,31;151,2091469
166;3,1;0,000754768;190;150,15;19,8;151,4498679
265;3,193;0,000800733;250;149,55;-24,45;151,5354909
165;2,4;0,000452389;191;150,15;20,5;151,5429725
261;3,666;0,00105554;350;151,15;-12,75;151,686799
172;2,5;0,000490874;200;147,4;37,31;152,0486636
164;2,2;0,000380133;124;150,95;21,6;152,4875815
145;2,054;0,000331353;140;152,49;-16,44;153,3736408
163;2;0,000314159;134;152,35;21,6;153,8735926
137;2,161;0,000366775;130;155,73;-4,5;155,7950028
125;2,269;0,000404351;130;156,63;8,7;156,8714343
138;2,246;0,000396195;100;157,1;-3,8;157,1459513
151;3,183098862;0,000795775;250;157,74;-16,8;158,632114
154;2,147;0,000362038;130;157,87;-16,17;158,6959539
110;2,864788976;0,000644578;200;155,77;41,44;161,187985
105;2,125;0,000354656;160;156;46,44;162,7657015
161;3,501408748;0,000962887;250;161,97;-18,07;162,9748625
162;2,634;0,000544906;150;162,97;-16,17;163,7702348
75;2,156;0,000365079;128;169,6;-16,02;170,3549248
70;3,17;0,000789239;230;173,33;-20,5;174,5380729
69;2,154;0,000364402;150;174,48;-19,83;175,603244
68;2,224;0,000388472;160;175,15;-21,03;176,4080027
66;2,8;0,000615752;200;177,65;-23,93;179,2544767
65;2,915;0,00066737;230;178,65;-22,03;180,0031761
90;3,561;0,000995941;200;179,75;25,92;181,6092203
89;2,25;0,000397608;120;180,75;24,4;182,3894802
49;3,454;0,000936989;240;182,35;38,37;186,3431764
51;3,365;0,000889324;180;182,85;40,39;187,2577758
47;3,2;0,000804248;150;184,08;38,29;188,0201332
39;2,103;0,000347351;100;189,05;-0,15;189,0500595
658;4,851;0,001848215;310;42,33;11,86;43,96007848
647;4,461;0,001562983;350;45,2;16,69;48,18294408
663;4,498;0,001589018;450;44,83;23,77;50,74191364
661;7,957747155;0,004973592;600;46,63;21,77;51,46153709
815;7,321127382;0,004209648;230;49,85;13,2;51,56803758
648;6,366197724;0,003183099;400;48,95;17,59;52,01452297
807;4,5;0,001590431;400;53,45;8,01;54,0468556
653;5,654;0,002510739;200;51,84;22,64;56,56814651
674;6,843662553;0,003678469;500;44,68;36,19;57,49798692
805;6;0,002827433;400;57,05;13,31;58,58206722
636;4,24;0,001411957;250;58,56;12,84;59,95114011
635;4,364;0,001495751;400;59,26;15,34;61,21326
638;4,368;0,001498494;250;59,07;17,89;61,71966461
637;4,183;0,00137425;400;59,76;17,39;62,23881185
639;6,207042781;0,003025933;500;61,8;18,59;64,53547939
632;7,002817496;0,00385155;600;64,05;15,94;66,00368247
596;6,68450761;0,003509366;600;60,41;27,84;66,51641677
643;4,774;0,001790007;320;63,4;20,79;66,72169138
592;5,616;0,002477103;500;59,29;34,34;68,5167111
609;4,378;0,001505364;400;66,61;22,08;70,1742011
597;4,643;0,001693118;320;68,51;26,44;73,43496238
585;4,018;0,001267972;154;67,99;31,84;75,07613269
598;6,525352667;0,003344243;350;72,91;22,54;76,31461
616;4,78;0,001794509;450;73,91;19,61;76,4672492
584;4,537;0,001616693;250;70,49;30,34;76,74213771
577;7,957747155;0,004973592;600;67,47;38,36;77,61243779
578;4,25;0,001418625;400;67,07;39,46;77,81694224
583;4,752;0,001773547;400;69,27;36,04;78,08466239
579;6,525352667;0,003344243;350;69,07;36,86;78,29000255
581;6,047887837;0,002872747;300;70,77;35,26;79,06744273
575;4,866;0,001859662;300;68,17;40,71;79,40058564
580;6,525352667;0,003344243;350;70,77;36,26;79,51842868
554;5,729577951;0,00257831;300;91,62;17,76;93,32546276
686;4,176;0,001369654;220;93,75;10,3;94,31411612
564;7,957747155;0,004973592;600;89,87;37,01;97,1923711
426;7,321127382;0,004209648;600;98,5;9,6;98,96671158
429;7,957747155;0,004973592;700;101,3;1,85;101,3168915
352;7,321127382;0,004209648;500;101,77;-4,58;101,8730057
347;5,449;0,002331973;340;101,33;-11,28;101,9559086
561;5,729577951;0,00257831;400;97,22;32,81;102,6071367
301;4,351;0,001486853;136;102,28;-24,86;105,2578643
439;4,087;0,001311895;350;105,68;7,6;105,9529254
433;5,570423008;0,00243706;550;106,28;0,15;106,2801059
443;4,744858797;0,001768221;600;106,13;10,6;106,6580372
441;7,639437268;0,004583662;800;106,73;8,5;107,0679359
526;7,321127382;0,004209648;600;108,42;26,24;111,5501412
520;7,798592212;0,004776638;600;110,02;21,88;112,1745729
299;7,957747155;0,004973592;800;107,98;-31,56;112,4976178
518;6,047887837;0,002872747;500;112,42;25,48;115,2713616
535;7,161972439;0,004028609;600;107,37;44,24;116,1270619
370;4,409;0,001526758;300;115,02;-16,45;116,1903735
375;7,480282325;0,004394666;700;115,02;-17,79;116,3876475
532;7,798592212;0,004776638;850;107,92;45,84;117,2520021
326;4,163;0,00136114;300;115,96;-21,2;117,8819817
492;4,209;0,001391386;400;117,62;29,63;121,2946878
491;4,221;0,001399331;400;118,92;30,03;122,6530362
382;4,948;0,001922867;500;121,89;-18,79;123,3297863
296;4,3;0,001452201;250;120,38;-28,36;123,675519
508;7,639437268;0,004583662;750;116,64;43,08;124,3413688
462;5,411268065;0,002299789;500;122,45;30,45;126,1792574
500;7,002817496;0,00385155;300;117,22;49,03;127,0608882
487;4,185;0,001375564;400;123,92;38,22;129,6801249
389;4,709;0,001741595;450;129,79;-15,19;130,6758593
290;7,639437268;0,004583662;600;127,6;-28,23;130,6854732
219;4,6;0,001661903;350;131,9;4,04;131,9618566
288;4,267;0,001429997;350;129,46;-28,23;132,5021679
254;5,2;0,002123717;500;132,33;16;133,2937692
224;5;0,001963495;400;133,2;6,67;133,3668958
249;5,7;0,002551759;350;133,3;12,35;133,87088
190;4,6;0,001661903;300;129,61;34,45;134,110233
228;4,4;0,001520531;350;135,38;10,47;135,7842601
286;5,606;0,002468289;76;133,26;-26,63;135,8947552
248;4,2;0,001385442;500;136,45;11,35;136,9212365
229;6,3;0,003117245;550;137,18;9,47;137,5064846
211;4,1;0,001320254;500;139,1;4,04;139,1586562
212;7,480282325;0,004394666;600;139,35;5,32;139,4515145
455;5,729577951;0,00257831;800;136,95;26,9;139,5668747
235;7,3;0,004185387;600;139,8;10,6;140,2012839
274;4,64;0,001690931;350;139,65;-15,21;140,4758577
283;5,827;0,002666735;500;138,95;-26,91;141,5318007
474;7,639437268;0,004583662;1000;135,5;40,9;141,5381927
268;4,58;0,001647483;600;141,45;-22,45;143,2204769
282;5,105;0,002046828;450;141,25;-25,61;143,5528983
242;4,6;0,001661903;450;144,15;15,45;144,9756014
266;5,496;0,002372375;320;147,15;-26,45;149,5082774
169;5;0,001963495;300;147,6;28,06;150,2435476
131;5,252113122;0,002166497;300;150,13;10,6;150,5037438
171;7,957747155;0,004973592;450;148,4;30,51;151,5038617
173;5,2;0,002123717;400;147,2;38,31;152,1035703
133;4,61549335;0,001673116;270;151,68;12,1;152,1618625
134;4,774648293;0,001790493;250;152,1;14,75;152,813522
144;4,13802852;0,001344859;250;152,99;-15,44;153,7671412
126;4,456338407;0,001559718;300;155,03;9,7;155,333161
141;4,297183463;0,001450299;260;156,34;-6,64;156,480942
140;4,143101495;0,001348159;220;157,84;-7,64;158,024793
157(DAP);5,411268065;0,002299789;400;159,47;-18,47;160,5360452
109;5,729577951;0,00257831;350;155,77;42,44;161,4479684
112(DAP);7,957747155;0,004973592;550;157,77;38,14;162,3146096
113(DAP);7,161972439;0,004028609;650;158,04;38,14;162,5770623
158(DAP);5,729577951;0,00257831;400;161,47;-20,77;162,8003495
159;4,13802852;0,001344859;300;162,17;-20,07;163,4072024
160;5,092958179;0,002037183;300;163,37;-19,75;164,5594707
123(DAP);7,639437268;0,004583662;500;164,55;3;164,577345
102;4,933803236;0,001911849;300;161,2;38,4;165,7105911
101;7,321127382;0,004209648;700;160,2;44,3;166,212304
88;6,366197724;0,003183099;200;166,48;12,36;166,9381922
86;6,68450761;0,003509366;600;167,18;8,1;167,3761106
115(DAP);6,047887837;0,002872747;450;164,11;38,14;168,4836838
87;7,957747155;0,004973592;500;168,18;11,9;168,6004816
100;6,047887837;0,002872747;600;164,7;41,3;169,7992344
74;4,456338407;0,001559718;250;169,28;-21,25;170,6085605
73;5,411268065;0,002299789;300;170,28;-25,3;172,149262
76;6,525352667;0,003344243;450;171,6;-15,46;172,2950133
85;5,092958179;0,002037183;260;173,83;11,2;174,1904386
96;5,411268065;0,002299789;250;169,55;41,3;174,5075715
84;6,366197724;0,003183099;500;174,83;8,1;175,0175388
79;4,037454768;0,001280281;200;174,97;-9,26;175,2148638
82;7,321127382;0,004209648;500;175,87;-3,61;175,9070465
91;7,639437268;0,004583662;500;174,9;25,52;176,7520308
95;6,207042781;0,003025933;350;174;36,45;177,7768334
98;6,047887837;0,002872747;450;172,85;43,3;178,1909439
67;7,957747155;0,004973592;1000;177,65;-22,03;179,0107354
80;6,047887837;0,002872747;320;179,67;-10,86;179,9979125
58;5,570423008;0,00243706;350;180,05;-3,11;180,0768575
59;4,16;0,001359179;260;180,05;-8,41;180,2463054
64;5,411268065;0,002299789;350;180,05;-22,23;181,4171309
57;6,525352667;0,003344243;450;181,75;-1,55;181,7566092
43(DAP);5,456;0,002337968;400;182,2;29,77;184,6160689
45;7,002817496;0,00385155;400;181,53;34,95;184,863851
50;5,38;0,002273288;800;182,05;39,99;186,3904574
44(DAP);7,161972439;0,004028609;700;183,2;34,47;186,4146478
52;7,321127382;0,004209648;800;182,85;41,33;187,4627734
46;6,207042781;0,003025933;650;184,2;38,59;188,1989057
657;13,62;0,014569482;110;42,33;20,56;47,05892583
671;10,73912647;0,009057906;500;38,48;31,59;49,78592673
655;11,77746579;0,010894156;900;46,44;20,34;50,69900591
670;10,82253613;0,009199156;750;40,48;30,59;50,73833363
667;12,73239545;0,012732395;1000;42,13;28,79;51,0274534
814;9,230986699;0,006692465;330;51,15;10,13;52,14345021
673;14,64225476;0,016838593;850;39,88;36,19;53,85285972
677;13,84648005;0,015058047;700;40,07;39,29;56,11870455
668;10,18591636;0,008148733;800;48,33;31,29;57,5747601
676;12,09577567;0,011490987;800;46,87;38,79;60,83963346
593;12,25493062;0,011795371;1400;59,49;32,14;67,61685958
590;12,89155039;0,013052695;800;62,79;32,99;70,92900817
586;10,98169107;0,009471709;1000;65,69;31,84;72,99973767
617;11,77746579;0,010894156;1200;72,61;18,79;75,00184131
605;13,84648005;0,015058047;1000;68,11;32,58;75,50118211
614;12,09577567;0,011490987;1200;73,41;20,93;76,33539808
601;8,116902098;0,005174525;800;70,21;34,28;78,13169971
612;9,071831756;0,00646368;800;75,61;22,23;78,81018335
603;10,98169107;0,009471709;800;74,11;34,48;81,73837838
574;9,549296586;0,007161972;400;70,87;42,71;82,7447944
572;12,09577567;0,011490987;500;75,37;39,31;85,00537042
571;11,30000096;0,010028751;800;78,97;37,31;87,34012251
557;15,43802948;0,018718611;1800;90,98;25,06;94,36823618
569;9,708451529;0,007402694;600;85,07;44,41;95,96433192
424;11,77746579;0,010894156;800;99,8;6,3;99,99864999
566;10,82253613;0,009199156;900;90,47;42,81;100,0875467
558;9,867606472;0,007647395;1200;96,78;25,76;100,1496181
425;14,64225476;0,016838593;1200;99,8;9,6;100,2606603
544;9,390141642;0,006925229;850;98,82;18,29;100,4983408
559;8,75352187;0,006018046;1000;97,78;26,91;101,4153662
562;9,708451529;0,007402694;1200;94,62;36,51;101,4195469
428;11,4591559;0,01031324;1200;101,3;8,45;101,65182
412;9,549296586;0,007161972;800;100,6;14,85;101,6901298
351;9,549296586;0,007161972;700;102,67;-7,38;102,9348984
560;10,98169107;0,009471709;1200;97,78;32,81;103,1378907
543;9,867606472;0,007647395;900;102,32;17,92;103,8773739
353;8,116902098;0,005174525;700;104,77;-6,38;104,9640762
411;11,77746579;0,010894156;800;104,6;14,85;105,6488642
537;10,66338119;0,008930582;900;101,17;41,72;109,43458
356;8,594366927;0,005801198;800;111,82;-7,38;112,0632714
358;8,594366927;0,005801198;700;112,72;-5,08;112,8344132
357;12,89155039;0,013052695;1200;114,12;-5,08;114,233011
533;11,30000096;0,010028751;1300;104,72;48,44;115,3807263
523;11,4591559;0,01031324;1200;113,57;20,98;115,4915811
448;10,82253613;0,009199156;1400;115,88;3,55;115,9343646
515;11,14084602;0,00974824;1300;115,49;26,23;118,4312163
510;8,912676813;0,006238874;800;115,04;36,53;120,7006317
494;9,549296586;0,007161972;1200;116,72;31,83;120,9822603
490;11,77746579;0,010894156;1200;120,25;25,1;122,8416562
459;11,4591559;0,01031324;1000;122,25;20,85;124,0152612
381;12,25493062;0,011795371;1200;121,89;-24,79;124,3853536
388;11,14084602;0,00974824;1000;124,79;-18,59;126,1670805
397;10,18591636;0,008148733;1500;126,99;-8,49;127,2734858
398;13,52817016;0,014373681;1200;126,99;-9,39;127,3366884
396;13,68732511;0,014713874;1600;128,39;-8,64;128,6803858
253;8,912676813;0,006238874;500;131,13;14,25;131,9020068
467;13,68732511;0,014713874;1200;129,15;31,55;132,9478281
287;8,594366927;0,005801198;700;131,36;-28,23;134,3591549
215;9,390141642;0,006925229;1300;135,2;1,04;135,2039999
456;13,36901522;0,014037466;1200;134,25;24,4;136,4493404
246;14,96056465;0,017578663;1300;135,75;14,85;136,5598221
247;10,50422624;0,008665987;900;137,15;13,05;137,7694632
245;13,36901522;0,014037466;1300;137,05;14,85;137,8521853
214;13,36901522;0,014037466;1200;139,1;0,24;139,100207
213;10,66338119;0,008930582;1300;140,1;2,34;140,1195404
195;11,30000096;0,010028751;1000;139,1;22,9;140,9724086
210;11,30000096;0,010028751;130;141;3,04;141,0327678
454;15,27887454;0,018334649;1300;139,35;30;142,5427041
241;10,50422624;0,008665987;700;142,55;15,45;143,3848144
194;10,50422624;0,008665987;1000;142,1;21,7;143,7473478
243;9,071831756;0,00646368;800;142,75;18,25;143,9118654
267;14,00563499;0,015406198;700;142,65;-26,45;145,0814426
206;9,390141642;0,006925229;700;146,1;1,03;146,1036307
170;14,00563499;0,015406198;700;144,4;30,51;147,588008
260;11,14084602;0,00974824;700;151,15;-10,55;151,5177382
262;9,549296586;0,007161972;700;151,15;-18,95;152,3332695
147(DAP);10,18591636;0,008148733;800;153,24;-19,49;154,4744565
136(DAP);10,18591636;0,008148733;1200;154,48;11,3;154,8927384
148(DAP);13,68732511;0,014713874;1000;154,04;-20,79;155,4366292
121(DAP);11,14084602;0,00974824;1300;154,8;21,2;156,2449359
124(DAP);13,36901522;0,014037466;700;157,85;5,5;157,9457898
122(DAP);14,32394488;0,016114438;1400;157,6;24,76;159,5331238
120(DAP);15,59718442;0,019106551;1500;159,35;20,7;160,6888686
111(DAP);8,276057041;0,005379437;700;159,77;41,14;164,9816732
114(DAP);13,20986028;0,01370523;1300;163,54;38,14;167,92853
77;9,230986699;0,006692465;600;167,75;-12,96;168,2498859
119(DAP);8,276057041;0,005379437;600;169,41;25,84;171,3693488
83;13,68732511;0,014713874;1100;171,57;-5,16;171,6475764
94;8,594366927;0,005801198;750;169,15;29,2;171,6518642
117(DAP);15,43802948;0,018718611;1500;169,41;32,74;172,5446484
78;11,77746579;0,010894156;900;173,37;-11,96;173,7820431
97;13,05070533;0,013376973;1500;168,55;44,9;174,4279579
81;10,50422624;0,008665987;800;175,27;-5,51;175,3565881
93;9,867606472;0,007647395;700;173;31,25;175,7997796
62;10,3450713;0,00840537;700;179,65;-12,86;180,1096946
60;9,230986699;0,006692465;700;180,05;-11,46;180,4143401
48;8,912676813;0,006238874;800;182,2;38,59;186,2418538
53;9,230986699;0,006692465;850;182,85;46,83;188,751613
576;16,71126902;0,021933541;700;61,77;40,71;73,97862529
618;17,02957891;0,022777062;1500;75,81;15,39;77,35637142
546;17,98450857;0,025403118;1800;96,62;17,29;98,15481904
529;19,41690306;0,029610777;1600;109,32;28,74;113,0347292
446;19,41690306;0,029610777;1400;114,08;8,6;114,4036992
403;19,41690306;0,029610777;1500;117,3;12;117,9122131
507;17,18873385;0,023204791;1600;113,98;43,08;121,8496073
383;17,66619868;0,024511851;1500;120,89;-16,29;121,9826061
498;18,78028328;0,027700918;1500;121,42;39,88;127,8015289
217;28,64788976;0,064457752;2000;129,5;1,84;129,5130712
281;21,32676237;0,035722327;800;135,85;-23,61;137,8863829
192;22,44084698;0,039551993;2000;145,55;23,7;147,46692
143(DBH);17,66619868;0,024511851;1600;151,69;-10,54;152,0557388
71;18,4619734;0,026769861;1500;170,28;-23,6;171,907645
99;20,05352283;0,031584298;1800;166,35;45,1;172,3552509
116(DBH);16,2338042;0,0206981;1500;169,11;38,44;173,4238326
56;18,4619734;0,026769861;1100;184,3;-1,4;184,3053173
55;16,55211408;0,021517748;1000;184,45;3,8;184,4891392
